address,country,town
"LUIS ESCALA
PIEDRAS 623
PISO 2, DEPTO 4
C1070AAM, CAPITAL FEDERAL",,CAPITAL FEDERAL
"LUIS ESCALA
PIEDRAS 623
PISO 2, DEPTO 4
C1070AAM, CAPITAL FEDERAL, AR",AR,CAPITAL FEDERAL
"LUIS ESCALA
PIEDRAS 623
PISO 2, DEPTO 4
C1070AAM, CAPITAL FEDERAL, ARGENTINA",AR,CAPITAL FEDERAL
"MS H WILLIAMS
219-241 CLEVELAND ST
STRAWBERRY HILLS  NSW  1427",,STRAWBERRY HILLS
"MS H WILLIAMS
219-241 CLEVELAND ST
STRAWBERRY HILLS  NSW  1427  AU",AU,STRAWBERRY HILLS
"MS H WILLIAMS
219-241 CLEVELAND ST
STRAWBERRY HILLS  NSW  1427  AUSTRALIA",AU,STRAWBERRY HILLS
"FIRMA ABC
KUNDENDIENST
HAUPTSTR. 5
2000 STOCKERAU",,STOCKERAU
"FIRMA ABC
KUNDENDIENST
HAUPTSTR. 5
2000 STOCKERAU
AT",AT,STOCKERAU
"FIRMA ABC
KUNDENDIENST
HAUPTSTR. 5
2000 STOCKERAU
AUSTRIA",AT,STOCKERAU
"SHEIKH MUJIBUR RAHMAN
DHANMONDI. 32
DHAKA-1209",,DHAKA
"SHEIKH MUJIBUR RAHMAN
DHANMONDI. 32
DHAKA-1209
BD",BD,DHAKA
"SHEIKH MUJIBUR RAHMAN
DHANMONDI. 32
DHAKA-1209
BANGLADESH",BD,DHAKA
"SVISTUNOV IVAN PIATROVIC
VUL. CENTRALNAJA, D. 20
V. KARALISTAVICY
223016, P/A NOVY DVOR
MINSKAHA R-NA
MINSKAJ VOBL.",,NOVY DVOR
"SVISTUNOV IVAN PIATROVIC
VUL. CENTRALNAJA, D. 20
V. KARALISTAVICY
223016, P/A NOVY DVOR
MINSKAHA R-NA
MINSKAJ VOBL.
BY",BY,NOVY DVOR
"SVISTUNOV IVAN PIATROVIC
VUL. CENTRALNAJA, D. 20
V. KARALISTAVICY
223016, P/A NOVY DVOR
MINSKAHA R-NA
MINSKAJ VOBL.
BELARUS",BY,NOVY DVOR
"DHR PAUL JANSSENS
VOLKLORENLAAN 81 BUS 15
2610 WILRIJK",,WILRIJK
"DHR PAUL JANSSENS
VOLKLORENLAAN 81 BUS 15
2610 WILRIJK
BE",BE,WILRIJK
"DHR PAUL JANSSENS
VOLKLORENLAAN 81 BUS 15
2610 WILRIJK
BELGIE",BE,WILRIJK
"CARLOS ROSSI
AVENIDA JOAO JORGE, 112, AP. 31
VILA INDUSTRIAL
CAMPINAS - SP
13035-680",,CAMPINAS
"CARLOS ROSSI
AVENIDA JOAO JORGE, 112, AP. 31
VILA INDUSTRIAL
CAMPINAS - SP
13035-680
BR",BR,CAMPINAS
"CARLOS ROSSI
AVENIDA JOAO JORGE, 112, AP. 31
VILA INDUSTRIAL
CAMPINAS - SP
13035-680
BRAZIL",BR,CAMPINAS
"NIKOLAY GEORGIEV SARMAKOV
UL. ""PATRIARKH EVTIMIY"" NO. 1011, BL. 1, VKH. 2, ET. 1, AP. 1
P.K. 10117 STARIYA GRAD
PLOVDIV 4000",,PLOVDIV
"NIKOLAY GEORGIEV SARMAKOV
UL. ""PATRIARKH EVTIMIY"" NO. 1011, BL. 1, VKH. 2, ET. 1, AP. 1
P.K. 10117 STARIYA GRAD
PLOVDIV 4000
BG",BG,PLOVDIV
"NIKOLAY GEORGIEV SARMAKOV
UL. ""PATRIARKH EVTIMIY"" NO. 1011, BL. 1, VKH. 2, ET. 1, AP. 1
P.K. 10117 STARIYA GRAD
PLOVDIV 4000
B'LGARIYA",BG,PLOVDIV
"NICOLE MARTIN
123 SHERBROOKE ST
UNIONVILLE ON L3R 9P6",,UNIONVILLE
"NICOLE MARTIN
123 SHERBROOKE ST
UNIONVILLE ON L3R 9P6 CA",CA,UNIONVILLE
"NICOLE MARTIN
123 SHERBROOKE ST
UNIONVILLE ON L3R 9P6
CANADA",CA,UNIONVILLE
"SRA. ISIDORA RETAMAL
CAMINO PUBLICO S/N, TUNCA ARRIBA
2970000 SAN VICENT DE T.T.
VI REGION O'HIGGINS",,SAN VICENT DE T.T.
"SRA. ISIDORA RETAMAL
CAMINO PUBLICO S/N, TUNCA ARRIBA
2970000 SAN VICENT DE T.T.
VI REGION O'HIGGINS
CL",CL,SAN VICENT DE T.T.
"SRA. ISIDORA RETAMAL
CAMINO PUBLICO S/N, TUNCA ARRIBA
2970000 SAN VICENT DE T.T.
VI REGION O'HIGGINS
CHILE",CL,SAN VICENT DE T.T.
"350503
FUJIAN SHENG FUZHOU SHI LIANJIANG XIAN DANYANG ZHEN XINYANG CUN TUANJIE LU 10 HAO
CHEN LIGUO XIANSHENG",,DANYANG
"350503
CN FUJIAN SHENG FUZHOU SHI LIANJIANG XIAN DANYANG ZHEN XINYANG CUN TUANJIE LU 10 HAO
CHEN LIGUO XIANSHENG",CN,DANYANG
"350503
CHINA FUJIAN SHENG FUZHOU SHI LIANJIANG XIAN DANYANG ZHEN XINYANG CUN TUANJIE LU 10 HAO
CHEN LIGUO XIANSHENG",CN,DANYANG
"CALLE 34
#24 - 30
BOGOTA",,BOGOTA
"CALLE 34
#24 - 30
BOGOTA
CO",CO,BOGOTA
"CALLE 34
#24 - 30
BOGOTA
COLOMBIA",CO,BOGOTA
"HRVOJE HORVAT
SOBLINEC
1. KAT, STAN 2
SOBLINECKA ULICA 1
10360 SESVETE",,SESVETE
"HRVOJE HORVAT
SOBLINEC
1. KAT, STAN 2
SOBLINECKA ULICA 1
HR10360 SESVETE",HR,SESVETE
"HRVOJE HORVAT
SOBLINEC
1. KAT, STAN 2
SOBLINECKA ULICA 1
10360 SESVETE
CROATIA",HR,SESVETE
"PRVNI INFORMACNI
JOSEF NOVAK
BRNENSKA 2256/16
158 00 JINONICE",,JINONICE
"PRVNI INFORMACNI
JOSEF NOVAK
BRNENSKA 2256/16
CZ-15800 JINONICE",CZ,JINONICE
"PRVNI INFORMACNI
JOSEF NOVAK
BRNENSKA 2256/16
158 00 JINONICE
CZECHIA",CZ,JINONICE
"STIG JENSEN
SOLVEJ 5, 4. T.V.
5250 ODENSE SV",,ODENSE
"STIG JENSEN
SOLVEJ 5, 4. T.V.
5250 ODENSE SV DK",DK,ODENSE
"STIG JENSEN
SOLVEJ 5, 4. T.V.
5250 ODENSE SV
DENMARK",DK,ODENSE
"KATI KASK
AIA TN 1-23
10615 TALLINN",,TALLINN
"KATI KASK
AIA TN 1-23
10615 TALLINN
EE",EE,TALLINN
"KATI KASK
AIA TN 1-23
10615 TALLINN
ESTONIA",EE,TALLINN
"EDUSKUNTA
MATTI MALLIKAINEN
MANNERHEIMINTIE 30 AS. 1
00100 HELSINKI",,HELSINKI
"EDUSKUNTA
MATTI MALLIKAINEN
MANNERHEIMINTIE 30 AS. 1
00100 HELSINKI
FI",FI,HELSINKI
"EDUSKUNTA
MATTI MALLIKAINEN
MANNERHEIMINTIE 30 AS. 1
00100 HELSINKI
FINLAND",FI,HELSINKI
"ENTREPRISE ABC
M. FRANK BENDER
12 RUE DE LA MONTAGNE
75001 PARIS CEDEX",,PARIS
"ENTREPRISE ABC
M. FRANK BENDER
12 RUE DE LA MONTAGNE
75001 PARIS CEDEX FR",FR,PARIS
"ENTREPRISE ABC
M. FRANK BENDER
12 RUE DE LA MONTAGNE
75001 PARIS CEDEX
FRANCE",FR,PARIS
"FIRMA ABC
KUNDENDIENST
HAUPTSTR. 5
10999 KREUZBERG",,KREUZBERG
"FIRMA ABC
KUNDENDIENST
HAUPTSTR. 5
10999 KREUZBERG
DE",DE,KREUZBERG
"FIRMA ABC
KUNDENDIENST
HAUPTSTR. 5
10999 KREUZBERG
DEUTSCHLAND",DE,KREUZBERG
"PETROS PAVLOU
DOIRANIS 25
653 02 KAVALA",,KAVALA
"PETROS PAVLOU
DOIRANIS 25
GR-653 02 KAVALA",GR,KAVALA
"PETROS PAVLOU
DOIRANIS 25
653 02 KAVALA
GREECE",GR,KAVALA
"MR. JACKIE CHAN
FLAT 25, 12/F, ACACIA BUILDING
150 KENNEDY ROAD
WAN CHAI
HONG KONG ISLAND",,HONG KONG ISLAND
"MR. JACKIE CHAN
FLAT 25, 12/F, ACACIA BUILDING
150 KENNEDY ROAD
WAN CHAI
HONG KONG ISLAND
HK",HK,HONG KONG ISLAND
"MR. JACKIE CHAN
FLAT 25, 12/F, ACACIA BUILDING
150 KENNEDY ROAD
WAN CHAI
HONG KONG ISLAND
HONG KONG",HK,HONG KONG ISLAND
"KIS ZOLTAN
BUDAPEST
ARPAD FEJEDELEM UTJA 82. FSZT. 2
1036",,BUDAPEST
"KIS ZOLTAN
BUDAPEST
ARPAD FEJEDELEM UTJA 82. FSZT. 2
1036 HU",HU,BUDAPEST
"KIS ZOLTAN
BUDAPEST
ARPAD FEJEDELEM UTJA 82. FSZT. 2
1036
HUNGARY",HU,BUDAPEST
"AGNES GISLADOTTIR
HOLTSFLOT 4
IBUD 202 (FLAT 202)
300 AKRANES",,AKRANES
"AGNES GISLADOTTIR
HOLTSFLOT 4
IBUD 202 (FLAT 202)
300 AKRANES
IS",IS,AKRANES
"AGNES GISLADOTTIR
HOLTSFLOT 4
IBUD 202 (FLAT 202)
300 AKRANES
ICELAND",IS,AKRANES
"MR. NAVEEN PATNAIK
016-46N,
AERODROME AREA,
MANGO TREE ROAD,
BHUBANESWAR, 751020
MOBILE NO.: +91 0000000000
",,AERODROME AREA
"MR. NAVEEN PATNAIK
016-46N,
AERODROME AREA,
MANGO TREE ROAD,
BHUBANESWAR, 751020
IN
MOBILE NO.: +91 0000000000
",IN,AERODROME AREA
"MR. NAVEEN PATNAIK
016-46N,
AERODROME AREA,
MANGO TREE ROAD,
BHUBANESWAR, 751020
INDIA
MOBILE NO.: +91 0000000000
",IN,AERODROME AREA
"HENDRO AGIMAN
PERUMAHAN CITRA HARMONI CLUSTER GREEN VALLEY BLOK A NO. 6
KEL. KARANG SATRIA KEC. TAMBUN SELATAN
KAB. BEKASI 17510",,TAMBUN SELATAN
"HENDRO AGIMAN
PERUMAHAN CITRA HARMONI CLUSTER GREEN VALLEY BLOK A NO. 6
KEL. KARANG SATRIA KEC. TAMBUN SELATAN
KAB. BEKASI 17510",ID,TAMBUN SELATAN
"HENDRO AGIMAN
PERUMAHAN CITRA HARMONI CLUSTER GREEN VALLEY BLOK A NO. 6
KEL. KARANG SATRIA KEC. TAMBUN SELATAN
KAB. BEKASI 17510",ID,TAMBUN SELATAN
"EMBASSY OF THE KINGDOM OF BELGIUM
TEHRAN PROVINCE, TAJRISH, DISTRICT 1, AGHA BOZORGHI - SHIRIN DD END NR 4, AGHA BOZORGI",,TAJRISH
"EMBASSY OF THE KINGDOM OF BELGIUM
TEHRAN PROVINCE, TAJRISH, DISTRICT 1, AGHA BOZORGHI - SHIRIN DD END NR 4, AGHA BOZORGI, IR",IR,TAJRISH
"EMBASSY OF THE KINGDOM OF BELGIUM
TEHRAN PROVINCE, TAJRISH, DISTRICT 1, AGHA BOZORGHI - SHIRIN DD END NR 4, AGHA BOZORGI, IRAN",IR,TAJRISH
"ALI HASSAN
AL-MANSOUR
MAHLA 609
ZUQAQ 8
HOUSE NO. 12
BAGHDAD
10013",,AL-MANSOUR
"ALI HASSAN
AL-MANSOUR
MAHLA 609
ZUQAQ 8
HOUSE NO. 12
BAGHDAD
10013
IQ",IQ,AL-MANSOUR
"ALI HASSAN
AL-MANSOUR
MAHLA 609
ZUQAQ 8
HOUSE NO. 12
BAGHDAD
10013
IRAQ",IQ,AL-MANSOUR
"LISSADELL HOUSE
LISSADELL
BALLINFULL
CO. SLIGO
F91 ED70",,LISSADELL
"LISSADELL HOUSE
LISSADELL
BALLINFULL
CO. SLIGO
F91 ED70
IE",IE,LISSADELL
"LISSADELL HOUSE
LISSADELL
BALLINFULL
CO. SLIGO
F91 ED70
IRELAND",IE,LISSADELL
"YISRAEL YISRAELI
1B/20 HADOAR
9414219 TEL AVIV",,TEL AVIV
"YISRAEL YISRAELI
1B/20 HADOAR
9414219 TEL AVIV, IL",IL,TEL AVIV
"YISRAEL YISRAELI
1B/20 HADOAR
9414219 TEL AVIV, ISRAEL",IL,TEL AVIV
"CLAUDIO VERDI
VIA ROMA 35
81055 SANTA MARIA CAPUA VETERE CE",,SANTA MARIA CAPUA VETERE
"CLAUDIO VERDI
VIA ROMA 35
81055 SANTA MARIA CAPUA VETERE CE
IT",IT,SANTA MARIA CAPUA VETERE
"CLAUDIO VERDI
VIA ROMA 35
81055 SANTA MARIA CAPUA VETERE CE
ITALIA",IT,SANTA MARIA CAPUA VETERE
"112-0001
TOKYO-TO, BUNKYO-KU, HAKUSAN-4-CHOME, 3-BAN, 2-GO,
3-KAI, B-GOSHITSU
TANAKA HANAKO SAMA",,BUNKYO-KU
"JP
112-0001
TOKYO-TO, BUNKYO-KU, HAKUSAN-4-CHOME, 3-BAN, 2-GO,
3-KAI, B-GOSHITSU
TANAKA HANAKO SAMA",JP,BUNKYO-KU
"(NIPPON-KOKU)
112-0001
TOKYO-TO, BUNKYO-KU, HAKUSAN-4-CHOME, 3-BAN, 2-GO,
3-KAI, B-GOSHITSU
TANAKA HANAKO SAMA",JP,BUNKYO-KU
"ANDRIS LAPA
LIEPU IELA 1
ERBERGE
MAZZALVES PAG.
NERETAS NOV.
5133",,ERBERGE
"ANDRIS LAPA
LIEPU IELA 1
ERBERGE
MAZZALVES PAG.
NERETAS NOV.
LV-5133",LV,ERBERGE
"ANDRIS LAPA
LIEPU IELA 1
ERBERGE
MAZZALVES PAG.
NERETAS NOV.
5133 LATVIA",LV,ERBERGE
"SR. JOAO KUOK
RUA DE MACAU, N.O 1, EDIFICIO ABC, 2 ANDAR, MORADIA C,
PENINSULA DE MACAU",MO,PENINSULA DE MACAU
"SR. JOAO KUOK
RUA DE MACAU, N.O 1, EDIFICIO ABC, 2 ANDAR, MORADIA C,
PENINSULA DE MACAU, MO",MO,PENINSULA DE MACAU
"SR. JOAO KUOK
RUA DE MACAU, N.O 1, EDIFICIO ABC, 2 ANDAR, MORADIA C,
PENINSULA DE MACAU, MACAU",MO,PENINSULA DE MACAU
"MR. ZACK AHMAD
11 JALAN BUDI 1
TAMAN BUDIMAN
42700 BANTING
SELANGOR",,BANTING
"MR. ZACK AHMAD
11 JALAN BUDI 1
TAMAN BUDIMAN
42700 BANTING
SELANGOR
MY",MY,BANTING
"MR. ZACK AHMAD
11 JALAN BUDI 1
TAMAN BUDIMAN
42700 BANTING
SELANGOR
MALAYSIA",MY,BANTING
"FARMACEUTICA ALTAMIRANO
AV. DURANGO NO. 264 INT. 1
COL. PRIMER CUADRO
81200 LOS MOCHIS, AHOME, SIN.",,LOS MOCHIS
"FARMACEUTICA ALTAMIRANO
AV. DURANGO NO. 264 INT. 1
COL. PRIMER CUADRO
81200 LOS MOCHIS, AHOME, SIN., MX",MX,LOS MOCHIS
"FARMACEUTICA ALTAMIRANO
AV. DURANGO NO. 264 INT. 1
COL. PRIMER CUADRO
81200 LOS MOCHIS, AHOME, SIN., MEXICO",MX,LOS MOCHIS
"JAN JANSEN
BOSCHDIJK 1092
5627 BX EINDHOVEN",,EINDHOVEN
"JAN JANSEN
BOSCHDIJK 1092
5627 BX EINDHOVEN
NL",NL,EINDHOVEN
"JAN JANSEN
BOSCHDIJK 1092
5627 BX EINDHOVEN
NETHERLANDS",NL,EINDHOVEN
"MR JOHN SMITH
43 VOGEL STREET
ROSLYN
PALMERSTON NORTH 4414",,ROSLYN
"MR JOHN SMITH
43 VOGEL STREET
ROSLYN
PALMERSTON NORTH 4414
NZ",NZ,ROSLYN
"MR JOHN SMITH
43 VOGEL STREET
ROSLYN
PALMERSTON NORTH 4414
NEW ZEALAND",NZ,ROSLYN
"KARI NORMANN
STORGATA 81A
6415 MOLDE",,MOLDE
"KARI NORMANN
STORGATA 81A
6415 MOLDE
NO",NO,MOLDE
"KARI NORMANN
STORGATA 81A
6415 MOLDE
NORWAY",NO,MOLDE
"WAY 2259, 2919
BLOCK 222
MURTAFAAT AL QURM
MUSCAT",,MURTAFAAT AL QURM
"WAY 2259, 2919
BLOCK 222
MURTAFAAT AL QURM
MUSCAT
OM",OM,MURTAFAAT AL QURM
"WAY 2259, 2919
BLOCK 222
MURTAFAAT AL QURM
MUSCAT
SULTANATE OF OMAN",OM,MURTAFAAT AL QURM
"MUHAMMAD ABDULLAH UMAR
15, M. A. JINNAH ROAD
KHARADAR, SADDAR
KARACHI
KARACHI DISTRICT
74400
SINDH",,SADDAR
"MUHAMMAD ABDULLAH UMAR
15, M. A. JINNAH ROAD
KHARADAR, SADDAR
KARACHI
KARACHI DISTRICT
74400
SINDH
PK",PK,SADDAR
"MUHAMMAD ABDULLAH UMAR
15, M. A. JINNAH ROAD
KHARADAR, SADDAR
KARACHI
KARACHI DISTRICT
74400
SINDH
PAKISTAN",PK,SADDAR
"CAMILO RADA
AV. DEL EJERCITO 450
DPTO 5
YANAHUARA
AREQUIPA",,AREQUIPA
"CAMILO RADA
AV. DEL EJERCITO 450
DPTO 5
YANAHUARA
AREQUIPA
PE",PE,AREQUIPA
"CAMILO RADA
AV. DEL EJERCITO 450
DPTO 5
YANAHUARA
AREQUIPA
PERU",PE,AREQUIPA
"MS. JOANNA DELA CRUZ
B11-L20 GENESIS ST., SAN LORENZO SOUTH SUBDIVISION
MALITLIT, SANTA ROSA
4026 LAGUNA",,SANTA ROSA
"MS. JOANNA DELA CRUZ
B11-L20 GENESIS ST., SAN LORENZO SOUTH SUBDIVISION
MALITLIT, SANTA ROSA
4026 LAGUNA PH",PH,SANTA ROSA
"MS. JOANNA DELA CRUZ
B11-L20 GENESIS ST., SAN LORENZO SOUTH SUBDIVISION
MALITLIT, SANTA ROSA
4026 LAGUNA PHILIPPINES",PH,SANTA ROSA
"JAN KOWALSKI
UL. WIEJSKA 4/6
00-902 WARSZAWA",,WARSZAWA
"JAN KOWALSKI
UL. WIEJSKA 4/6
00-902 WARSZAWA
PL",PL,WARSZAWA
"JAN KOWALSKI
UL. WIEJSKA 4/6
00-902 WARSZAWA
POLAND (POLSKA)",PL,WARSZAWA
"JOSE SARAMAGO
RUA DA LIBERDADE 34  2 ESQ
4000-000 PORTO",,PORTO
"JOSE SARAMAGO
RUA DA LIBERDADE 34  2 ESQ
4000-000 PORTO
PT",PT,PORTO
"JOSE SARAMAGO
RUA DA LIBERDADE 34  2 ESQ
4000-000 PORTO
PORTUGAL",PT,PORTO
"MR. ALI AL-MATWI
P.O. BOX 1714
DOHA",,DOHA
"MR. ALI AL-MATWI
P.O. BOX 1714
DOHA
QA",QA,DOHA
"MR. ALI AL-MATWI
P.O. BOX 1714
DOHA
QATAR",QA,DOHA
"MIHAIL IONESCU
STR. PACIENTEI, NR. 9
BL. U13A, SC. M
ET. 7, AP. 96
VICTORIA, JUD. BRASOV, 505722",,BRASOV
"MIHAIL IONESCU
STR. PACIENTEI, NR. 9
BL. U13A, SC. M
ET. 7, AP. 96
VICTORIA, JUD. BRASOV, 505722
RO",RO,BRASOV
"MIHAIL IONESCU
STR. PACIENTEI, NR. 9
BL. U13A, SC. M
ET. 7, AP. 96
VICTORIA, JUD. BRASOV, 505722
ROMANIA",RO,BRASOV
"GUSEV, IVAN SERGEYEVICH
UL. POBEDY, D. 20, KV. 29
POS. OKTYABRSKIY
BORSKIY R-N
NIZHEGORODSKAYA OBL.
606480",,OKTYABRSKIY
"GUSEV, IVAN SERGEYEVICH
UL. POBEDY, D. 20, KV. 29
POS. OKTYABRSKIY
BORSKIY R-N
NIZHEGORODSKAYA OBL.
606480
RU",RU,OKTYABRSKIY
"GUSEV, IVAN SERGEYEVICH
UL. POBEDY, D. 20, KV. 29
POS. OKTYABR'SKIY
BORSKIY R-N
NIZHEGORODSKAYA OBL.
606480
RUSSIA",RU,OKTYABRSKIY
"MOHAMMED ALI AL-AHMED
8228 IMAM ALI ROAD - ALSALAM NEIGHBOURHOOD
RIYADH 12345-6789",,RIYADH
"MOHAMMED ALI AL-AHMED
8228 IMAM ALI ROAD - ALSALAM NEIGHBOURHOOD
RIYADH 12345-6789
KSA",SA,RIYADH
"MOHAMMED ALI AL-AHMED
8228 IMAM ALI ROAD - ALSALAM NEIGHBOURHOOD
RIYADH 12345-6789
KINGDOM OF SAUDI ARABIA",SA,RIYADH
"PETAR PETROVIC
KRUNSKA 5
11000 BEOGRAD",,BEOGRAD
"PETAR PETROVIC
KRUNSKA 5
11000 BEOGRAD
RS",RS,BEOGRAD
"PETAR PETROVIC
KRUNSKA 5
11000 BEOGRAD
SERBIA",RS,BEOGRAD
"MR. M. RAJENDRAN
BLK 35 MANDALAY ROAD
# 13-37 MANDALAY TOWERS
SINGAPORE 308215",SG,SINGAPORE
"MR. M. RAJENDRAN
BLK 35 MANDALAY ROAD
# 13-37 MANDALAY TOWERS
SINGAPORE 308215
SG",SG,SINGAPORE
"MR. M. RAJENDRAN
BLK 35 MANDALAY ROAD
# 13-37 MANDALAY TOWERS
SINGAPORE 308215
SINGAPORE",SG,SINGAPORE
"JOZEF VYMYSLENY
FIRMA S.R.O.
NEZABUDKOVA 3084/25
84545 BRATISLAVA",,BRATISLAVA
"JOZEF VYMYSLENY
FIRMA S.R.O.
NEZABUDKOVA 3084/25
84545 BRATISLAVA
SK",SK,BRATISLAVA
"JOZEF VYMYSLENY
FIRMA S.R.O.
NEZABUDKOVA 3084/25
84545 BRATISLAVA
SLOVENSKO",SK,BRATISLAVA
"JUHA, S. P.
GA. ANGELA KOVAC
PLETERJE 489
2324 KIDRICEVO",,KIDRICEVO
"JUHA, S. P.
GA. ANGELA KOVAC
PLETERJE 489
2324 KIDRICEVO
SI",SI,KIDRICEVO
"JUHA, S. P.
GA. ANGELA KOVAC
PLETERJE 489
2324 KIDRICEVO
SLOVENIA",SI,KIDRICEVO
"SEOUL-TEUKBYEOLSI, JONGNO-GU, SAJIK-RO 9-GIL 23,
102-DONG 304-HO
HONG GIL-DONG GWIHA
30174",,JONGNO-GU
"KR
SEOUL-TEUKBYEOLSI, JONGNO-GU, SAJIK-RO 9-GIL 23,
102-DONG 304-HO
HONG GIL-DONG GWIHA
30174",KR,JONGNO-GU
"(DAEHAN-MINGUK)
SEOUL-TEUKBYEOLSI, JONGNO-GU, SAJIK-RO 9-GIL 23,
102-DONG 304-HO
HONG GIL-DONG GWIHA
30174",KR,JONGNO-GU
"SR. FRANCISCO ANSO GARCIA
PASEO DE LA CASTELLANA, 185, 5o B
29001 MALAGA
MALAGA",,MALAGA
"SR. FRANCISCO ANSO GARCIA
PASEO DE LA CASTELLANA, 185, 5o B
29001 MALAGA
MALAGA
ES",ES,MALAGA
"SR. FRANCISCO ANSO GARCIA
PASEO DE LA CASTELLANA, 185, 5o B
29001 MALAGA
MALAGA
ESPANA",ES,MALAGA
"MR. A. L. PERERA
201 SILKHOUSE STREET
KANDY
20000",,KANDY
"MR. A. L. PERERA
201 SILKHOUSE STREET
KANDY
20000
LK",LK,KANDY
"MR. A. L. PERERA
201 SILKHOUSE STREET
KANDY
20000
SRI LANKA",LK,KANDY
"SVEN NILSSON
LILLBYN SORGARDEN 2A
824 00 HUDIKSVALL",,HUDIKSVALL
"SVEN NILSSON
LILLBYN SORGARDEN 2A
824 00 HUDIKSVALL
SE",SE,HUDIKSVALL
"SVEN NILSSON
LILLBYN SORGARDEN 2A
824 00 HUDIKSVALL
SWEDEN",SE,HUDIKSVALL
"FRAU CLAUDIA WEBER
SOLOTHURNERSTRASSE 28
2544 BETTLACH SO",,BETTLACH
"FRAU CLAUDIA WEBER
SOLOTHURNERSTRASSE 28
2544 BETTLACH SO
CH",CH,BETTLACH
"FRAU CLAUDIA WEBER
SOLOTHURNERSTRASSE 28
2544 BETTLACH SO
SWITZERLAND",CH,BETTLACH
"2F., NO.2, SHIFU RD., NEIGHBOURHOOD 8, XICUN VIL., XINYI DIST., TAIPEI CITY",,XICUN
"2F., NO.2, SHIFU RD., NEIGHBOURHOOD 8, XICUN VIL., XINYI DIST., TAIPEI CITY, TW",TW,XICUN
"2F., NO.2, SHIFU RD., NEIGHBOURHOOD 8, XICUN VIL., XINYI DIST., TAIPEI CITY, TAIWAN",TW,XICUN
"MR. SIAM RAKCHART
238/54 PHAITHONG VILLAGE
BANG YAI, BANG YAI
NONTHABURI
11140",,BANG YAI
"MR. SIAM RAKCHART
238/54 PHAITHONG VILLAGE
BANG YAI, BANG YAI
NONTHABURI
11140
TH",TH,BANG YAI
"MR. SIAM RAKCHART
238/54 PHAITHONG VILLAGE
BANG YAI, BANG YAI
NONTHABURI
11140
THAILAND",TH,BANG YAI
"AHMET KORKMAZ
ETILER MAH.
BADEM SOK. TOPRAK APT. NO:13 K:4 D:8
34732 KADIKOY  / ISTANBUL",,KADIKOY
"AHMET KORKMAZ
ETILER MAH.
BADEM SOK. TOPRAK APT. NO:13 K:4 D:8
34732 KADIKOY  / ISTANBUL
TR",TR,KADIKOY
"AHMET KORKMAZ
ETILER MAH.
BADEM SOK. TOPRAK APT. NO:13 K:4 D:8
34732 KADIKOY  / ISTANBUL
TURKIYE",TR,KADIKOY
"PETRENKO IVAN LEONIDOVYCH
VUL. SHEVCHENKA, BUD. 17
M. BILA TSERKVA
KYIVS'KA OBL.
09117",,BILA TSERKVA
"PETRENKO IVAN LEONIDOVYCH
VUL. SHEVCHENKA, BUD. 17
M. BILA TSERKVA
KYIVS'KA OBL.
09117
UA",UA,BILA TSERKVA
"PETRENKO IVAN LEONIDOVYCH
VUL. SHEVCHENKA, BUD. 17
M. BILA TSERKVA
KYIVS'KA OBL.
09117
UKRAINE",UA,BILA TSERKVA
"MR. ALI AL-MATWI
P.O. BOX 1714
DUBAI",,DUBAI
"MR. ALI AL-MATWI
P.O. BOX 1714
DUBAI
AE",AE,DUBAI
"MR. ALI AL-MATWI
P.O. BOX 1714
DUBAI
UNITED ARAB EMIRATES (UAE)",AE,DUBAI
"MR A SMITH
3A HIGH STREET
HEDGE END
SOUTHAMPTON
SO31 4NG",,SOUTHAMPTON
"MR A SMITH
3A HIGH STREET
HEDGE END
SOUTHAMPTON
SO31 4NG
GB",GB,SOUTHAMPTON
"MR A SMITH
3A HIGH STREET
HEDGE END
SOUTHAMPTON
SO31 4NG
UNITED KINGDOM",GB,SOUTHAMPTON
"JEREMY MARTINSON JR
455 LARKSPUR DR APT 23
ANAHEIM CA  92802",,ANAHEIM
"JEREMY MARTINSON JR
455 LARKSPUR DR APT 23
ANAHEIM CA  92802 US",US,ANAHEIM
"JEREMY MARTINSON JR
455 LARKSPUR DR APT 23
ANAHEIM CA  92802
UNITED STATES OF AMERICA",US,ANAHEIM
"MR LE VAN BINH (MOTHER IS LY THI HOA)
NUMBER 123A TRAN HUNG DAO STREET,
NGUYEN DU WARD,
HAI BA TRUNG DISTRICT,
HA NOI CITY,",,HA NOI
"MR LE VAN BINH (MOTHER IS LY THI HOA)
NUMBER 123A TRAN HUNG DAO STREET,
NGUYEN DU WARD,
HAI BA TRUNG DISTRICT,
HA NOI CITY,
VN",VN,HA NOI
"MR LE VAN BINH (MOTHER IS LY THI HOA)
NUMBER 123A TRAN HUNG DAO STREET,
NGUYEN DU WARD,
HAI BA TRUNG DISTRICT,
HA NOI CITY,
VIET NAM",VN,HA NOI
